index	sentence1	sentence2	label
0	No Weapons of Mass Destruction Found in Iraq Yet.	Weapons of Mass Destruction Found in Iraq.	not_entailment
1	A place of sorrow, after Pope John Paul II died, became a place of celebration, as Roman Catholic faithful gathered in downtown Chicago to mark the installation of new Pope Benedict XVI.	Pope Benedict XVI is the new leader of the Roman Catholic Church.	entailment
2	Herceptin was already approved to treat the sickest breast cancer patients, and the company said, Monday, it will discuss with federal regulators the possibility of prescribing the drug for more breast cancer patients.	Herceptin can be used to treat breast cancer.	entailment
3	Judie Vivian, chief executive at ProMedica, a medical service company that helps sustain the 2-year-old Vietnam Heart Institute in Ho Chi Minh City (formerly Saigon), said that so far about 1,500 children have received treatment.	The previous name of Ho Chi Minh City was Saigon.	entailment
4	A man is due in court later charged with the murder 26 years ago of a teenager whose case was the first to be featured on BBC One's Crimewatch. Colette Aram, 16, was walking to her boyfriend's house in Keyworth, Nottinghamshire, on 30 October 1983 when she disappeared. Her body was later found in a field close to her home. Paul Stewart Hutchinson, 50, has been charged with murder and is due before Nottingham magistrates later.	Paul Stewart Hutchinson is accused of having stabbed a girl.	not_entailment
5	Britain said, Friday, that it has barred cleric, Omar Bakri, from returning to the country from Lebanon, where he was released by police after being detained for 24 hours.	Bakri was briefly detained, but was released.	entailment
6	Nearly 4 million children who have at least one parent who entered the U.S. illegally were born in the United States and are U.S. citizens as a result, according to the study conducted by the Pew Hispanic Center. That's about three quarters of the estimated 5.5 million children of illegal immigrants inside the United States, according to the study. About 1.8 million children of undocumented immigrants live in poverty, the study found.	Three quarters of U.S. illegal immigrants have children.	not_entailment
7	Like the United States, U.N. officials are also dismayed that Aristide killed a conference called by Prime Minister Robert Malval in Port-au-Prince in hopes of bringing all the feuding parties together.	Aristide had Prime Minister Robert Malval  murdered in Port-au-Prince.	not_entailment
8	WASHINGTON --  A newly declassified narrative of the Bush administration's advice to the CIA on harsh interrogations shows that the small group of Justice Department lawyers who wrote memos authorizing controversial interrogation techniques were operating not on their own but with direction from top administration officials, including then-Vice President Dick Cheney and national security adviser Condoleezza Rice. At the same time, the narrative suggests that then-Defense Secretary Donald H. Rumsfeld and then-Secretary of State Colin Powell were largely left out of the decision-making process.	Dick Cheney was the Vice President of Bush.	entailment
9	Only a week after it had no comment on upping the storage capacity of its Hotmail e-mail service, Microsoft early Thursday announced it was boosting the allowance to 250MB to follow similar moves by rivals such as Google, Yahoo, and Lycos.	Microsoft's Hotmail has raised its storage capacity to 250MB.	entailment
10	Lina Joy, 42, was born Azlina Jailani to Malay parents, and was raised as a Muslim. Malaysia's constitution guarantees freedom of religion, but by law, all ethnic Malays are Muslim. Joy converted to Christianity at age 26, and after some bureaucratic difficulties had her named legally changed in 1999. However, on her MyKad national ID, the National Registration Department retained her stated religion as Islam. In order to have her religion changed, the National Registration Department said Joy would have to obtain a certificate of apostasy from the Muslim Sharia Court.	Lina Joy's parents are from Malaysia.	entailment
11	November 9, 1989 , the day the Berlin Wall fell and the world changed forever . Not even the most astute saw it coming . As Hungary's foreign minister in the late summer of 1989 , Gyula Horn gave the order to let visiting East Germans use his country to do a 400-mile end run around the Berlin Wall , a move now seen as the beginning of the end for hard-line communism in Europe .	The Berlin Wall was torn down in 1989.	entailment
12	Valero Energy Corp., on Monday, said it found "extensive" additional damage at its 250,000-barrel-per-day Port Arthur refinery.	Valero Energy Corp. produces 250,000 barrels per day.	entailment
13	Oil prices fall back as Yukos oil threat lifted	Oil prices rise.	not_entailment
14	Brian Brohm, the Louisville quarterback, threw for 368 yards and five touchdowns as the Cardinals beat visiting Oregon State 63-27.	The quarterback threw for 413 yards and three touchdowns, and then ran to the end zone two more times.	not_entailment
15	Greg Page, a former heavyweight boxing champion who suffered a severe brain injury in a 2001 fight, has died at 50. His wife Patricia said the one-time WBA champion had died at his home in Kentucky, USA, of complications related to injuries he suffered in the fight. Page was in a coma for a week after the 9 March 2001 fight against Dale Crowe which was stopped in the 10th round. Patricia Page said he was "in a better place now" after announcing on Monday he had died overnight in his sleep.	Greg Page was a WBA champion.	entailment
16	Sierra is likely to remain in jail at the Hillsborough County jail in her native Tampa until her next hearing on December 20, where she is being held without bail, which would prevent her attending the Washington event on Friday even if she still had permission to perform. Sierra has been in jail since the start of the month after an altercation with police officers outside a Tampa nightclub, which she had been ejected from. She is charged with disorderly intoxication and resisting arrest.	Sierra once reached the finals of "American Idol".	not_entailment
17	Since 1987, however, Brazil has taken steps to dramatically reduce the destruction, including stepped-up enforcement and the elimination of tax incentives that led to large-scale land clearing.	In the early 1990s Brazil began to take action to save the rainforest.	not_entailment
18	FIFA has received 11 bids to host the 2018 and 2022 FIFA World Cup tournaments, an international football competition contested by the men's national teams. The countries vying to host the tournament are Australia, England, Indonesia, Japan, Mexico, Qatar, Russia, South Korea and United States, who have individual bids and the joint bids are from Belgium-Netherlands and Spain-Portugal.  Select bids are for 2018 and 2022 tournaments and two bids are just for the 2022 tournament. Qatar and South Korea are vying just for the 2022 tournament. The two winning bids will be chosen on December 2010 by the 24-man executive committee of FIFA.  Said FIFA president Sepp Blatter: "We are very pleased about the fantastic level of interest in our flagship competition, with all initial bidders confirming their candidature."	Sepp Blatter is the president of FIFA.	entailment
19	U.S. crude settled $1.32 lower at $42.83 a barrel.	Crude the light American lowered to the closing 1.32 dollars, to 42.83 dollars the barrel.	not_entailment
20	WINNENDEN, Germany â€•A teenage gunman killed 15 people, most of them female, on Wednesday in a rampage that began at a school near Stuttgart in southern Germany and ended in a nearby town, where he then killed himself after the police wounded him. The attack left Germany, which tightened tough gun controls after a similar attack at a school seven years ago, struggling to understand the carnage that had again befallen it, a country with relatively little violent crime. In 2002, a gunman killed 16 people before killing himself at a school in Erfurt, in eastern Germany.	In 2002 near Stuttgart a boy shot 16 people.	not_entailment
21	Many hopes are riding on the sale of Talisman's holdings in Palm Beach and Hendry counties, which Vice President Al Gore announced with much fanfare last year at the 50th anniversary of Everglades National Park.	Everglades National Park is located in Florida.	not_entailment
22	Rabies virus infects the central nervous system, causing encephalopathy and ultimately death. Early symptoms of rabies in humans are nonspecific, consisting of fever, headache, and general malaise.	Rabies is fatal in humans.	entailment
23	American tobacco companies were showing a profit most quarters due to export sales of cigarettes and diversification of products sold including food.	PM often entered markets with both cigarettes and food.	not_entailment
24	The development of agriculture by early humans, roughly 10,000 years ago, was also harmful to many natural ecosystems as they were systematically destroyed and replaced with artificial versions.	Humans existed 10,000 years ago.	entailment
25	The two young leaders of the coup, Pibul Songgram and Pridi Phanomyang, both educated in Europe and influenced by Western ideas, came to dominate Thai politics in the ensuing years.	Pibul was a young leader.	entailment
26	Lin Piao, after all, was the creator of Mao's "Little Red Book" of quotations.	Lin Piao wrote the "Little Red Book".	entailment
27	When patients interrupt a course of antibiotics, the surviving bacteria return with a vengeance, often having rapidly mutated to resist the therapy.	Bacteria is winning the war against antibiotics.	not_entailment
28	Initially the Bundesbank opposed the introduction of the euro but was compelled to accept it in light of the political pressure of the capitalist politicians who supported its introduction.	The introduction of the euro has been opposed.	entailment
29	The Armed Forces Press Committee (COPREFA) admitted that the government troops sustained 11 casualties in these clashes, adding that they inflicted three casualties on the rebels.	Three rebels were killed by government troops.	entailment
